{
  "avg_expected_duration_high_vol_days": 3.839117385767286,
  "avg_stationary_prob_high_vol": 0.08461104685227305,
  "pca_variance_explained_pct": 72.18725411039725,
  "pca_min_loading": 0.5361637790828008,
  "parkinson_95th_percentile": 0.002475559691463945,
  "mean_p_value_deliverble": 1.1522043861974158e-06,
  "heatmap_max_probability": 1.0,
  "liquidity_commonality_verdict": 1
}